{
  "hash": "7f3a668c",
  "configHash": "b1e59b5e",
  "lockfileHash": "9f4819e5",
  "browserHash": "ca16272b",
  "optimized": {
    "@angular/common": {
      "src": "../../../../../../node_modules/@angular/common/fesm2022/common.mjs",
      "file": "@angular_common.js",
      "fileHash": "a235a1cf",
      "needsInterop": false
    },
    "@angular/common/http": {
      "src": "../../../../../../node_modules/@angular/common/fesm2022/http.mjs",
      "file": "@angular_common_http.js",
      "fileHash": "47430872",
      "needsInterop": false
    },
    "@angular/core": {
      "src": "../../../../../../node_modules/@angular/core/fesm2022/core.mjs",
      "file": "@angular_core.js",
      "fileHash": "09eb85c7",
      "needsInterop": false
    },
    "@angular/forms": {
      "src": "../../../../../../node_modules/@angular/forms/fesm2022/forms.mjs",
      "file": "@angular_forms.js",
      "fileHash": "fc8830d1",
      "needsInterop": false
    },
    "@angular/platform-browser": {
      "src": "../../../../../../node_modules/@angular/platform-browser/fesm2022/platform-browser.mjs",
      "file": "@angular_platform-browser.js",
      "fileHash": "ce14b737",
      "needsInterop": false
    },
    "@angular/router": {
      "src": "../../../../../../node_modules/@angular/router/fesm2022/router.mjs",
      "file": "@angular_router.js",
      "fileHash": "f9237ede",
      "needsInterop": false
    },
    "rxjs": {
      "src": "../../../../../../node_modules/rxjs/dist/esm5/index.js",
      "file": "rxjs.js",
      "fileHash": "ccc6c2b0",
      "needsInterop": false
    },
    "rxjs/operators": {
      "src": "../../../../../../node_modules/rxjs/dist/esm5/operators/index.js",
      "file": "rxjs_operators.js",
      "fileHash": "8ccf1af8",
      "needsInterop": false
    }
  },
  "chunks": {
    "chunk-ODUDKKOS": {
      "file": "chunk-ODUDKKOS.js"
    },
    "chunk-53HTKRSE": {
      "file": "chunk-53HTKRSE.js"
    },
    "chunk-JKCQUDTF": {
      "file": "chunk-JKCQUDTF.js"
    },
    "chunk-RKNUFRVM": {
      "file": "chunk-RKNUFRVM.js"
    },
    "chunk-CAZOW7N2": {
      "file": "chunk-CAZOW7N2.js"
    },
    "chunk-FFZIAYYX": {
      "file": "chunk-FFZIAYYX.js"
    },
    "chunk-6Q4RANH6": {
      "file": "chunk-6Q4RANH6.js"
    },
    "chunk-CXCX2JKZ": {
      "file": "chunk-CXCX2JKZ.js"
    }
  }
}